{"cameraMode":{"drawMode":0,"name":"Shaded","section":"Shading Mode"},"sceneLighting":true,"audioPlay":false,"sceneViewState":{"showFog":true,"showMaterialUpdate":false,"showSkybox":true,"showFlares":true,"showImageEffects":true,"showParticleSystems":true},"in2DMode":false,"pivot":{"x":247.3834991455078,"y":96.06340026855469,"z":-497.32763671875},"rotation":{"x":-0.21596212685108186,"y":-0.2986777126789093,"z":0.9270092248916626,"w":-0.06958916038274765},"size":18.322099685668947,"orthographic":true}